Cluster Name,Recency,Frequency,Monetary
Champions,-359.1666666666667,21.86190476190476,12444.119904761905
Clients Fidèles,-125.82657869934025,1.5513666352497644,478.1947323279924
Clients Potentiels,-330.51227495908347,3.6474631751227498,1353.6432186579377
Grands Dépenseurs,-367.38461538461536,81.84615384615384,127338.31384615385
