Cluster Name,Recency,Frequency,Monetary
Champions,-330.631837536849,74.23386832623649,221.4497258434327
Clients Fidèles,-125.22358490566037,27.60754716981132,96.46846320754716
Clients Potentiels,-359.3333333333333,535.1036036036036,1667.053018018018
Grands Dépenseurs,-372.5,5807.75,22893.065
