Cluster,Recency,Frequency,Monetary,Cluster Name
0,-351.866605756053,5.242576518958429,1997.8558478757425,Clients Potentiellement Fidèles
1,-100.2627013630731,1.420074349442379,510.6099516728625,Clients Récents
2,-359.4594594594595,37.972972972972975,25417.026486486488,Champions
3,-271.8660855784469,2.028526148969889,757.6651600633915,Clients Fidèles
4,-367.85714285714283,64.57142857142857,184143.69,Grands Dépenseurs
